{
    "epoch": 3.0,
    "epoch_mm": 3.0,
    "eval_accuracy": 0.7921739130434783,
    "eval_accuracy_mm": 0.806304347826087,
    "eval_loss": 0.5258901715278625,
    "eval_loss_mm": 0.4971791207790375,
    "eval_runtime": 14.2686,
    "eval_runtime_mm": 14.2473,
    "eval_samples": 9200,
    "eval_samples_mm": 9200,
    "eval_samples_per_second": 644.771,
    "eval_samples_per_second_mm": 645.734,
    "eval_steps_per_second": 5.046,
    "eval_steps_per_second_mm": 5.054
}