{
    "epoch": 3.0,
    "eval_accuracy": 0.621,
    "eval_combined_score": 0.5678623559539053,
    "eval_f1": 0.5147247119078106,
    "eval_loss": 0.7071307897567749,
    "eval_runtime": 1.9466,
    "eval_samples": 1000,
    "eval_samples_per_second": 513.726,
    "eval_steps_per_second": 32.365,
    "total_flos": 627914533616640.0,
    "train_loss": 0.6310789597094358,
    "train_runtime": 60.3643,
    "train_samples": 3182,
    "train_samples_per_second": 158.14,
    "train_steps_per_second": 9.89
}