{
    "epoch": 3.0,
    "eval_accuracy": 0.621,
    "eval_combined_score": 0.5678623559539053,
    "eval_f1": 0.5147247119078106,
    "eval_loss": 0.7071307897567749,
    "eval_runtime": 1.9466,
    "eval_samples": 1000,
    "eval_samples_per_second": 513.726,
    "eval_steps_per_second": 32.365
}