{
    "epoch": 3.0,
    "eval_combined_score": 0.6377236539191397,
    "eval_loss": 0.6881375312805176,
    "eval_pearson": 0.6395099759101868,
    "eval_runtime": 1.1747,
    "eval_samples": 600,
    "eval_samples_per_second": 510.757,
    "eval_spearmanr": 0.6359373319280925,
    "eval_steps_per_second": 32.348,
    "total_flos": 485040875530752.0,
    "train_loss": 0.8509232161881087,
    "train_runtime": 48.2483,
    "train_samples": 2458,
    "train_samples_per_second": 152.834,
    "train_steps_per_second": 9.575
}