target_token_coverage,min_k
0.750000,4009
0.800000,6222
0.850000,8417
0.900000,10844
0.910000,11739
0.920000,12602
0.930000,13549
0.940000,14528
0.950000,15207
0.960000,15207
0.970000,15207
0.980000,15207
0.990000,15207
