target_token_coverage,min_k
0.750000,4036
0.800000,6373
0.850000,8460
0.900000,11454
0.910000,12432
0.920000,13273
0.930000,14077
0.940000,14798
0.950000,15207
0.960000,15207
0.970000,15207
0.980000,15207
0.990000,15207
1.000000,15207
