k,token_coverage,type_coverage
50,0.212294,0.009966
100,0.279372,0.019932
200,0.357589,0.039864
500,0.473794,0.098665
1000,0.571085,0.184971
1995,0.664369,0.312139
2000,0.664770,0.312936
3981,0.749319,0.460435
4009,0.750040,0.462228
5000,0.774884,0.509866
6222,0.800048,0.562288
7943,0.836512,0.641021
8417,0.850056,0.669125
10844,0.900144,0.777158
11739,0.910002,0.795894
12602,0.920019,0.818218
13549,0.930037,0.840542
14528,0.940054,0.862468
15207,0.946786,0.877417
