{
    "epoch": 3.0,
    "eval_accuracy": 0.623,
    "eval_combined_score": 0.5873620689655172,
    "eval_f1": 0.5517241379310345,
    "eval_loss": 0.7045886516571045,
    "eval_runtime": 1.9247,
    "eval_samples": 1000,
    "eval_samples_per_second": 519.572,
    "eval_steps_per_second": 32.733
}