{
    "epoch": 3.0,
    "eval_combined_score": 0.5260635992236428,
    "eval_loss": 0.7822414040565491,
    "eval_pearson": 0.5533289909362793,
    "eval_runtime": 1.1936,
    "eval_samples": 600,
    "eval_samples_per_second": 502.671,
    "eval_spearmanr": 0.4987982075110063,
    "eval_steps_per_second": 31.836
}