{
    "epoch": 3.0,
    "eval_combined_score": 0.16616533176675963,
    "eval_loss": 1.0575733184814453,
    "eval_pearson": 0.16741561889648438,
    "eval_runtime": 1.1744,
    "eval_samples": 600,
    "eval_samples_per_second": 510.893,
    "eval_spearmanr": 0.1649150446370349,
    "eval_steps_per_second": 32.357
}