k,token_coverage,type_coverage
50,0.507236,0.124620
100,0.593011,0.182371
200,0.647723,0.261398
500,0.706671,0.370821
934,0.750088,0.449848
1000,0.756795,0.465046
1353,0.801624,0.501520
1995,0.828803,0.574468
2000,0.828803,0.574468
2561,0.850688,0.623100
3204,0.850688,0.623100
