target_token_coverage,min_k
0.750000,672
0.800000,868
0.850000,1107
0.900000,1431
0.910000,1505
0.920000,1597
0.930000,1696
0.940000,1796
0.950000,1938
0.960000,2089
0.970000,2289
0.980000,2587
0.990000,2897
1.000000,3203
