k,token_coverage,type_coverage
50,0.321647,0.036615
100,0.387685,0.063466
200,0.439827,0.103336
500,0.503187,0.164361
1000,0.564635,0.229455
1995,0.649796,0.341741
2000,0.650943,0.342555
3204,0.712009,0.446705
