target_token_coverage,min_k
0.750000,934
0.800000,1353
0.850000,2561
0.900000,3204
0.910000,3204
0.920000,3204
0.930000,3204
0.940000,3204
0.950000,3204
0.960000,3204
0.970000,3204
0.980000,3204
0.990000,3204
1.000000,3204
