{
    "epoch": 3.0,
    "eval_accuracy": 0.8407636159460977,
    "eval_loss": 0.39706847071647644,
    "eval_runtime": 27.4013,
    "eval_samples": 8905,
    "eval_samples_per_second": 324.985,
    "eval_steps_per_second": 2.555
}