{
    "epoch": 3.0,
    "eval_accuracy": 0.8011229646266143,
    "eval_loss": 0.4545367658138275,
    "eval_runtime": 27.3362,
    "eval_samples": 8905,
    "eval_samples_per_second": 325.759,
    "eval_steps_per_second": 2.561
}