{
    "epoch": 3.0,
    "eval_accuracy": 0.63,
    "eval_combined_score": 0.5937081339712919,
    "eval_f1": 0.5574162679425837,
    "eval_loss": 0.7612859010696411,
    "eval_runtime": 1.9157,
    "eval_samples": 1000,
    "eval_samples_per_second": 521.991,
    "eval_steps_per_second": 32.885
}