k,token_coverage,type_coverage
50,0.196353,0.005151
100,0.266802,0.031602
200,0.360174,0.106223
500,0.520405,0.273841
1000,0.630391,0.446192
1995,0.722489,0.615063
2000,0.722779,0.615481
2532,0.750043,0.670750
3981,0.790564,0.756648
4460,0.800000,0.776973
5000,0.808394,0.795629
7943,0.838379,0.862175
10239,0.850014,0.888069
15849,0.867438,0.927189
17820,0.872880,0.939858
