target_token_coverage,min_k
0.750000,2532
0.800000,4460
0.850000,10239
0.900000,17820
0.910000,17820
0.920000,17820
0.930000,17820
0.940000,17820
0.950000,17820
0.960000,17820
0.970000,17820
0.980000,17820
0.990000,17820
1.000000,17820
