k_frac,token_coverage,type_coverage
0.002806,0.196353,0.005151
0.005612,0.266802,0.031602
0.011223,0.360174,0.106223
0.028058,0.520405,0.273841
0.056117,0.630391,0.446192
0.111953,0.722489,0.615063
0.112233,0.722779,0.615481
0.142088,0.750043,0.670750
0.223401,0.790564,0.756648
0.250281,0.800000,0.776973
0.280584,0.808394,0.795629
0.445735,0.838379,0.862175
0.574579,0.850014,0.888069
0.889394,0.867438,0.927189
1.000000,0.872880,0.939858
