k_frac,token_coverage,type_coverage
0.002806,0.199804,0.001471
0.005612,0.268884,0.010956
0.011223,0.356983,0.046516
0.028058,0.516367,0.147909
0.056117,0.626249,0.283875
0.111953,0.718919,0.441870
0.112233,0.719236,0.442412
0.147138,0.750032,0.510782
0.223401,0.792053,0.613337
0.244276,0.800009,0.634611
0.280584,0.811793,0.667054
0.445735,0.847036,0.782462
0.469641,0.850005,0.794754
0.889394,0.883082,0.961847
1.000000,0.889610,1.000000
