k,token_coverage,type_coverage
50,0.199804,0.001471
100,0.268884,0.010956
200,0.356983,0.046516
500,0.516367,0.147909
1000,0.626249,0.283875
1995,0.718919,0.441870
2000,0.719236,0.442412
2622,0.750032,0.510782
3981,0.792053,0.613337
4353,0.800009,0.634611
5000,0.811793,0.667054
7943,0.847036,0.782462
8369,0.850005,0.794754
15849,0.883082,0.961847
17820,0.889610,1.000000
