{
    "epoch": 3.0,
    "eval_loss": 0.6402546167373657,
    "eval_matthews_correlation": 0.0,
    "eval_runtime": 1.5939,
    "eval_samples": 1000,
    "eval_samples_per_second": 627.391,
    "eval_steps_per_second": 5.019,
    "total_flos": 1562090335672320.0,
    "train_loss": 0.6657565537319389,
    "train_runtime": 107.8552,
    "train_samples": 7916,
    "train_samples_per_second": 220.184,
    "train_steps_per_second": 1.725
}