{
    "epoch": 3.0,
    "total_flos": 3.260212047725875e+16,
    "train_loss": 0.5861946773750666,
    "train_runtime": 2149.5589,
    "train_samples": 165212,
    "train_samples_per_second": 230.576,
    "train_steps_per_second": 1.802
}