{
    "epoch": 3.0,
    "eval_accuracy": 0.849298147108366,
    "eval_loss": 0.36643755435943604,
    "eval_runtime": 25.0661,
    "eval_samples": 8905,
    "eval_samples_per_second": 355.26,
    "eval_steps_per_second": 2.793
}