{
    "epoch": 3.0,
    "eval_loss": 0.6448032259941101,
    "eval_matthews_correlation": 0.061059008767523265,
    "eval_runtime": 1.5973,
    "eval_samples": 1000,
    "eval_samples_per_second": 626.037,
    "eval_steps_per_second": 5.008,
    "total_flos": 1562090335672320.0,
    "train_loss": 0.645246813374181,
    "train_runtime": 115.8496,
    "train_samples": 7916,
    "train_samples_per_second": 204.99,
    "train_steps_per_second": 1.606
}