{
    "epoch": 3.0,
    "eval_loss": 0.6448032259941101,
    "eval_matthews_correlation": 0.061059008767523265,
    "eval_runtime": 1.5973,
    "eval_samples": 1000,
    "eval_samples_per_second": 626.037,
    "eval_steps_per_second": 5.008
}