{
    "epoch": 3.0,
    "eval_accuracy": 0.652,
    "eval_combined_score": 0.6138048780487805,
    "eval_f1": 0.5756097560975609,
    "eval_loss": 0.6961092352867126,
    "eval_runtime": 1.937,
    "eval_samples": 1000,
    "eval_samples_per_second": 516.252,
    "eval_steps_per_second": 32.524
}