{
    "epoch": 3.0,
    "eval_accuracy": 0.585,
    "eval_combined_score": 0.503904728789986,
    "eval_f1": 0.4228094575799722,
    "eval_loss": 0.6966128945350647,
    "eval_runtime": 1.9329,
    "eval_samples": 1000,
    "eval_samples_per_second": 517.364,
    "eval_steps_per_second": 32.594,
    "total_flos": 627914533616640.0,
    "train_loss": 0.6543008174928189,
    "train_runtime": 56.5302,
    "train_samples": 3182,
    "train_samples_per_second": 168.866,
    "train_steps_per_second": 10.561
}