target_token_coverage,min_k
0.750000,22714
0.800000,37339
0.850000,66042
0.900000,166098
0.910000,208524
0.920000,235877
0.930000,235877
0.940000,235877
0.950000,235877
0.960000,235877
0.970000,235877
0.980000,235877
0.990000,235877
