target_token_coverage,min_k
0.750000,8979
0.800000,14738
0.850000,25509
0.900000,51170
0.910000,61291
0.920000,74402
0.930000,95016
0.940000,123547
0.950000,185778
0.960000,235877
0.970000,235877
0.980000,235877
0.990000,235877
