target_token_coverage,min_k
0.750000,6171
0.800000,10725
0.850000,20221
0.900000,48526
0.910000,60868
0.920000,82039
0.930000,143429
0.940000,223558
0.950000,249650
0.960000,249650
0.970000,249650
0.980000,249650
0.990000,249650
