target_token_coverage,min_k
0.750000,6044
0.800000,10476
0.850000,19891
0.900000,46971
0.910000,59530
0.920000,75671
0.930000,120506
0.940000,202308
0.950000,249650
0.960000,249650
0.970000,249650
0.980000,249650
0.990000,249650
1.000000,249650
