{
    "epoch": 3.0,
    "eval_accuracy": 0.8574957888826502,
    "eval_loss": 0.3563884198665619,
    "eval_runtime": 13.8083,
    "eval_samples": 8905,
    "eval_samples_per_second": 644.904,
    "eval_steps_per_second": 5.069,
    "total_flos": 1.192110147401472e+16,
    "train_loss": 0.33120829910881777,
    "train_runtime": 802.4141,
    "train_samples": 60411,
    "train_samples_per_second": 225.86,
    "train_steps_per_second": 1.765
}