{
    "epoch": 3.0,
    "eval_accuracy": 0.8574957888826502,
    "eval_loss": 0.3563884198665619,
    "eval_runtime": 13.8083,
    "eval_samples": 8905,
    "eval_samples_per_second": 644.904,
    "eval_steps_per_second": 5.069
}