{
    "epoch": 3.0,
    "eval_combined_score": 0.6239447218358012,
    "eval_loss": 0.7298102378845215,
    "eval_pearson": 0.624934732913971,
    "eval_runtime": 1.1952,
    "eval_samples": 600,
    "eval_samples_per_second": 501.997,
    "eval_spearmanr": 0.6229547107576313,
    "eval_steps_per_second": 31.793,
    "total_flos": 485040875530752.0,
    "train_loss": 0.8510469378847064,
    "train_runtime": 46.1424,
    "train_samples": 2458,
    "train_samples_per_second": 159.81,
    "train_steps_per_second": 10.012
}