{
    "epoch": 3.0,
    "eval_combined_score": 0.6239447218358012,
    "eval_loss": 0.7298102378845215,
    "eval_pearson": 0.624934732913971,
    "eval_runtime": 1.1952,
    "eval_samples": 600,
    "eval_samples_per_second": 501.997,
    "eval_spearmanr": 0.6229547107576313,
    "eval_steps_per_second": 31.793
}