{
    "epoch": 3.0,
    "eval_combined_score": 0.22617208697460428,
    "eval_loss": 1.0350857973098755,
    "eval_pearson": 0.21692289412021637,
    "eval_runtime": 1.1931,
    "eval_samples": 600,
    "eval_samples_per_second": 502.879,
    "eval_spearmanr": 0.2354212798289922,
    "eval_steps_per_second": 31.849,
    "total_flos": 485040875530752.0,
    "train_loss": 1.274181283397592,
    "train_runtime": 45.5414,
    "train_samples": 2458,
    "train_samples_per_second": 161.919,
    "train_steps_per_second": 10.145
}