{
    "epoch": 3.0,
    "eval_combined_score": 0.22617208697460428,
    "eval_loss": 1.0350857973098755,
    "eval_pearson": 0.21692289412021637,
    "eval_runtime": 1.1931,
    "eval_samples": 600,
    "eval_samples_per_second": 502.879,
    "eval_spearmanr": 0.2354212798289922,
    "eval_steps_per_second": 31.849
}