{
    "epoch": 3.0,
    "eval_combined_score": 0.6579342501960269,
    "eval_loss": 0.6321333646774292,
    "eval_pearson": 0.6827675700187683,
    "eval_runtime": 1.1885,
    "eval_samples": 600,
    "eval_samples_per_second": 504.854,
    "eval_spearmanr": 0.6331009303732855,
    "eval_steps_per_second": 31.974,
    "total_flos": 485040875530752.0,
    "train_loss": 0.8905393922483766,
    "train_runtime": 54.4168,
    "train_samples": 2458,
    "train_samples_per_second": 135.51,
    "train_steps_per_second": 8.49
}