{
    "epoch": 3.0,
    "eval_combined_score": 0.5711556783457681,
    "eval_loss": 0.7076449394226074,
    "eval_pearson": 0.5958124399185181,
    "eval_runtime": 1.1847,
    "eval_samples": 600,
    "eval_samples_per_second": 506.478,
    "eval_spearmanr": 0.5464989167730181,
    "eval_steps_per_second": 32.077,
    "total_flos": 485040875530752.0,
    "train_loss": 1.0034984902386026,
    "train_runtime": 45.2852,
    "train_samples": 2458,
    "train_samples_per_second": 162.835,
    "train_steps_per_second": 10.202
}