{
    "epoch": 3.0,
    "eval_combined_score": 0.5711556783457681,
    "eval_loss": 0.7076449394226074,
    "eval_pearson": 0.5958124399185181,
    "eval_runtime": 1.1847,
    "eval_samples": 600,
    "eval_samples_per_second": 506.478,
    "eval_spearmanr": 0.5464989167730181,
    "eval_steps_per_second": 32.077
}