{
    "epoch": 3.0,
    "eval_accuracy": 0.63,
    "eval_combined_score": 0.5860396039603961,
    "eval_f1": 0.5420792079207921,
    "eval_loss": 0.7138927578926086,
    "eval_runtime": 1.9366,
    "eval_samples": 1000,
    "eval_samples_per_second": 516.367,
    "eval_steps_per_second": 32.531,
    "total_flos": 627914533616640.0,
    "train_loss": 0.5946630161611279,
    "train_runtime": 66.3787,
    "train_samples": 3182,
    "train_samples_per_second": 143.811,
    "train_steps_per_second": 8.994
}