{
    "epoch": 3.0,
    "eval_accuracy": 0.63,
    "eval_combined_score": 0.5860396039603961,
    "eval_f1": 0.5420792079207921,
    "eval_loss": 0.7138927578926086,
    "eval_runtime": 1.9366,
    "eval_samples": 1000,
    "eval_samples_per_second": 516.367,
    "eval_steps_per_second": 32.531
}