k,token_coverage,type_coverage
50,0.214680,0.010169
100,0.278427,0.020338
200,0.357502,0.040675
500,0.476075,0.099858
1000,0.570073,0.186496
1995,0.664882,0.311369
2000,0.665045,0.311775
3981,0.748824,0.459426
4036,0.750041,0.461664
5000,0.771695,0.503559
6373,0.800000,0.563352
7943,0.836902,0.642872
8460,0.850041,0.671751
11454,0.900162,0.781167
12432,0.910057,0.801708
13273,0.920032,0.824283
14077,0.930089,0.844621
14798,0.940065,0.864552
15207,0.945093,0.876144
