target_token_coverage,min_k
0.750000,3044
0.800000,4197
0.850000,5737
0.900000,7659
0.910000,8155
0.920000,8646
0.930000,9143
0.940000,9632
0.950000,10277
0.960000,11262
0.970000,12252
0.980000,13242
0.990000,14224
1.000000,15207
