target_token_coverage,min_k
0.750000,14082
0.800000,24793
0.850000,27569
0.900000,27569
0.910000,27569
0.920000,27569
0.930000,27569
0.940000,27569
0.950000,27569
0.960000,27569
0.970000,27569
0.980000,27569
0.990000,27569
