{
    "epoch": 3.0,
    "eval_loss": 0.6674246788024902,
    "eval_matthews_correlation": 0.11215046732427392,
    "eval_runtime": 1.5884,
    "eval_samples": 1000,
    "eval_samples_per_second": 629.555,
    "eval_steps_per_second": 5.036,
    "total_flos": 1562090335672320.0,
    "train_loss": 0.6374902622674101,
    "train_runtime": 110.83,
    "train_samples": 7916,
    "train_samples_per_second": 214.274,
    "train_steps_per_second": 1.678
}