{
    "epoch": 3.0,
    "eval_loss": 0.6466309428215027,
    "eval_matthews_correlation": 0.07711028009024962,
    "eval_runtime": 1.6108,
    "eval_samples": 1000,
    "eval_samples_per_second": 620.827,
    "eval_steps_per_second": 4.967,
    "total_flos": 1562090335672320.0,
    "train_loss": 0.6605910024335307,
    "train_runtime": 116.0466,
    "train_samples": 7916,
    "train_samples_per_second": 204.642,
    "train_steps_per_second": 1.603
}