{
    "epoch": 3.0,
    "eval_loss": 0.6466309428215027,
    "eval_matthews_correlation": 0.07711028009024962,
    "eval_runtime": 1.6108,
    "eval_samples": 1000,
    "eval_samples_per_second": 620.827,
    "eval_steps_per_second": 4.967
}