{
    "epoch": 3.0,
    "eval_loss": 0.6412026286125183,
    "eval_matthews_correlation": 0.015087924702144154,
    "eval_runtime": 1.5916,
    "eval_samples": 1000,
    "eval_samples_per_second": 628.286,
    "eval_steps_per_second": 5.026,
    "total_flos": 1562090335672320.0,
    "train_loss": 0.6617764708816364,
    "train_runtime": 108.8637,
    "train_samples": 7916,
    "train_samples_per_second": 218.144,
    "train_steps_per_second": 1.709
}