{
    "epoch": 3.0,
    "eval_loss": 0.6412026286125183,
    "eval_matthews_correlation": 0.015087924702144154,
    "eval_runtime": 1.5916,
    "eval_samples": 1000,
    "eval_samples_per_second": 628.286,
    "eval_steps_per_second": 5.026
}