{
    "epoch": 3.0,
    "epoch_mm": 3.0,
    "eval_accuracy": 0.821304347826087,
    "eval_accuracy_mm": 0.8456521739130435,
    "eval_loss": 0.47318360209465027,
    "eval_loss_mm": 0.4273891746997833,
    "eval_runtime": 14.2733,
    "eval_runtime_mm": 14.2388,
    "eval_samples": 9200,
    "eval_samples_mm": 9200,
    "eval_samples_per_second": 644.559,
    "eval_samples_per_second_mm": 646.123,
    "eval_steps_per_second": 5.044,
    "eval_steps_per_second_mm": 5.057,
    "total_flos": 3.260212047725875e+16,
    "train_loss": 0.4884359259769155,
    "train_runtime": 2156.0691,
    "train_samples": 165212,
    "train_samples_per_second": 229.879,
    "train_steps_per_second": 1.796
}