{
    "epoch": 3.0,
    "total_flos": 3.260212047725875e+16,
    "train_loss": 0.4884359259769155,
    "train_runtime": 2156.0691,
    "train_samples": 165212,
    "train_samples_per_second": 229.879,
    "train_steps_per_second": 1.796
}