{
    "epoch": 3.0,
    "eval_loss": 0.655206561088562,
    "eval_matthews_correlation": 0.13789474485419784,
    "eval_runtime": 1.5983,
    "eval_samples": 1000,
    "eval_samples_per_second": 625.648,
    "eval_steps_per_second": 5.005
}