{
    "epoch": 3.0,
    "epoch_mm": 3.0,
    "eval_accuracy": 0.8346739130434783,
    "eval_accuracy_mm": 0.8541304347826087,
    "eval_loss": 0.4482343792915344,
    "eval_loss_mm": 0.4098833501338959,
    "eval_runtime": 14.3451,
    "eval_runtime_mm": 14.2852,
    "eval_samples": 9200,
    "eval_samples_mm": 9200,
    "eval_samples_per_second": 641.332,
    "eval_samples_per_second_mm": 644.023,
    "eval_steps_per_second": 5.019,
    "eval_steps_per_second_mm": 5.04,
    "total_flos": 3.260212047725875e+16,
    "train_loss": 0.46521885697305465,
    "train_runtime": 2163.4238,
    "train_samples": 165212,
    "train_samples_per_second": 229.098,
    "train_steps_per_second": 1.79
}