{
    "epoch": 3.0,
    "total_flos": 3.260212047725875e+16,
    "train_loss": 0.46521885697305465,
    "train_runtime": 2163.4238,
    "train_samples": 165212,
    "train_samples_per_second": 229.098,
    "train_steps_per_second": 1.79
}