{
    "epoch": 3.0,
    "epoch_mm": 3.0,
    "eval_accuracy": 0.8309782608695652,
    "eval_accuracy_mm": 0.8534782608695652,
    "eval_loss": 0.45772024989128113,
    "eval_loss_mm": 0.41169023513793945,
    "eval_runtime": 14.3448,
    "eval_runtime_mm": 14.2438,
    "eval_samples": 9200,
    "eval_samples_mm": 9200,
    "eval_samples_per_second": 641.347,
    "eval_samples_per_second_mm": 645.896,
    "eval_steps_per_second": 5.019,
    "eval_steps_per_second_mm": 5.055,
    "total_flos": 3.260212047725875e+16,
    "train_loss": 0.4731895472385949,
    "train_runtime": 2160.8256,
    "train_samples": 165212,
    "train_samples_per_second": 229.373,
    "train_steps_per_second": 1.792
}