{
    "epoch": 3.0,
    "total_flos": 3.260212047725875e+16,
    "train_loss": 0.4731895472385949,
    "train_runtime": 2160.8256,
    "train_samples": 165212,
    "train_samples_per_second": 229.373,
    "train_steps_per_second": 1.792
}