{
    "epoch": 3.0,
    "epoch_mm": 3.0,
    "eval_accuracy": 0.8215217391304348,
    "eval_accuracy_mm": 0.8446739130434783,
    "eval_loss": 0.4747370779514313,
    "eval_loss_mm": 0.432733952999115,
    "eval_runtime": 14.2323,
    "eval_runtime_mm": 14.2017,
    "eval_samples": 9200,
    "eval_samples_mm": 9200,
    "eval_samples_per_second": 646.416,
    "eval_samples_per_second_mm": 647.808,
    "eval_steps_per_second": 5.059,
    "eval_steps_per_second_mm": 5.07,
    "total_flos": 3.260212047725875e+16,
    "train_loss": 0.4720645927194782,
    "train_runtime": 2172.8556,
    "train_samples": 165212,
    "train_samples_per_second": 228.104,
    "train_steps_per_second": 1.782
}