{
    "epoch": 3.0,
    "total_flos": 3.260212047725875e+16,
    "train_loss": 0.48985435117469905,
    "train_runtime": 2159.6874,
    "train_samples": 165212,
    "train_samples_per_second": 229.494,
    "train_steps_per_second": 1.793
}