k,token_coverage,type_coverage
50,0.097247,0.011198
100,0.157123,0.040889
200,0.256982,0.134204
500,0.410890,0.315236
1000,0.515572,0.485918
1995,0.621760,0.671870
2000,0.621861,0.672209
3981,0.695801,0.816084
5000,0.714185,0.850356
7943,0.737292,0.901425
9248,0.746132,0.919749
