k_frac,token_coverage,type_coverage
0.005407,0.097247,0.011198
0.010813,0.157123,0.040889
0.021626,0.256982,0.134204
0.054066,0.410890,0.315236
0.108131,0.515572,0.485918
0.215722,0.621760,0.671870
0.216263,0.621861,0.672209
0.430471,0.695801,0.816084
0.540657,0.714185,0.850356
0.858888,0.737292,0.901425
1.000000,0.746132,0.919749
