target_token_coverage,min_k
0.750000,3381
0.800000,5794
0.850000,9248
0.900000,9248
0.910000,9248
0.920000,9248
0.930000,9248
0.940000,9248
0.950000,9248
0.960000,9248
0.970000,9248
0.980000,9248
0.990000,9248
1.000000,9248
