k_frac,token_coverage,type_coverage
0.005407,0.096948,0.005128
0.010813,0.160136,0.022514
0.021626,0.267797,0.089329
0.054066,0.436119,0.246503
0.108131,0.564587,0.421003
0.215722,0.680645,0.620900
0.216263,0.680992,0.621628
0.365593,0.750000,0.765361
0.430471,0.768255,0.808842
0.540657,0.788653,0.862730
0.626514,0.800010,0.895197
0.858888,0.819405,0.960403
1.000000,0.831331,1.000000
