k,token_coverage,type_coverage
50,0.096948,0.005128
100,0.160136,0.022514
200,0.267797,0.089329
500,0.436119,0.246503
1000,0.564587,0.421003
1995,0.680645,0.620900
2000,0.680992,0.621628
3381,0.750000,0.765361
3981,0.768255,0.808842
5000,0.788653,0.862730
5794,0.800010,0.895197
7943,0.819405,0.960403
9248,0.831331,1.000000
