{
    "epoch": 3.0,
    "eval_loss": 0.6450567245483398,
    "eval_matthews_correlation": 0.0,
    "eval_runtime": 1.6009,
    "eval_samples": 1000,
    "eval_samples_per_second": 624.651,
    "eval_steps_per_second": 4.997,
    "total_flos": 1562090335672320.0,
    "train_loss": 0.6618580151629704,
    "train_runtime": 107.8337,
    "train_samples": 7916,
    "train_samples_per_second": 220.228,
    "train_steps_per_second": 1.725
}