{
    "epoch": 3.0,
    "eval_accuracy": 0.8467153284671532,
    "eval_loss": 0.37778690457344055,
    "eval_runtime": 13.8367,
    "eval_samples": 8905,
    "eval_samples_per_second": 643.58,
    "eval_steps_per_second": 5.059
}