{
    "epoch": 3.0,
    "eval_loss": 0.6360865235328674,
    "eval_matthews_correlation": -0.045864754779577174,
    "eval_runtime": 1.6074,
    "eval_samples": 1000,
    "eval_samples_per_second": 622.119,
    "eval_steps_per_second": 4.977
}