{
    "epoch": 3.0,
    "total_flos": 1.192110147401472e+16,
    "train_loss": 0.36091133699578754,
    "train_runtime": 1528.0039,
    "train_samples": 60411,
    "train_samples_per_second": 118.608,
    "train_steps_per_second": 0.927
}