{
    "epoch": 3.0,
    "eval_accuracy": 0.8537900056148231,
    "eval_loss": 0.35905739665031433,
    "eval_runtime": 13.8178,
    "eval_samples": 8905,
    "eval_samples_per_second": 644.458,
    "eval_steps_per_second": 5.066,
    "total_flos": 1.192110147401472e+16,
    "train_loss": 0.34391717856886694,
    "train_runtime": 1090.724,
    "train_samples": 60411,
    "train_samples_per_second": 166.158,
    "train_steps_per_second": 1.298
}