{
    "epoch": 3.0,
    "total_flos": 1.192110147401472e+16,
    "train_loss": 0.34391717856886694,
    "train_runtime": 1090.724,
    "train_samples": 60411,
    "train_samples_per_second": 166.158,
    "train_steps_per_second": 1.298
}