{
    "epoch": 3.0,
    "eval_combined_score": 0.6587244477125334,
    "eval_loss": 0.6418530344963074,
    "eval_pearson": 0.664486825466156,
    "eval_runtime": 1.1825,
    "eval_samples": 600,
    "eval_samples_per_second": 507.409,
    "eval_spearmanr": 0.6529620699589107,
    "eval_steps_per_second": 32.136
}