{
    "epoch": 3.0,
    "epoch_mm": 3.0,
    "eval_accuracy": 0.7194565217391304,
    "eval_accuracy_mm": 0.7076086956521739,
    "eval_loss": 0.6754435300827026,
    "eval_loss_mm": 0.686779260635376,
    "eval_runtime": 14.2936,
    "eval_runtime_mm": 14.2324,
    "eval_samples": 9200,
    "eval_samples_mm": 9200,
    "eval_samples_per_second": 643.644,
    "eval_samples_per_second_mm": 646.413,
    "eval_steps_per_second": 5.037,
    "eval_steps_per_second_mm": 5.059
}