target_token_coverage,min_k
0.750000,5840
0.800000,9976
0.850000,18318
0.900000,38007
0.910000,45057
0.920000,54202
0.930000,65670
0.940000,80297
0.950000,100214
0.960000,130401
0.970000,160238
0.980000,189977
0.990000,219532
1.000000,249650
