{
    "epoch": 3.0,
    "eval_loss": 0.6463397145271301,
    "eval_matthews_correlation": 0.007208385298578599,
    "eval_runtime": 1.6022,
    "eval_samples": 1000,
    "eval_samples_per_second": 624.137,
    "eval_steps_per_second": 4.993,
    "total_flos": 1562090335672320.0,
    "train_loss": 0.6613172305527554,
    "train_runtime": 109.7021,
    "train_samples": 7916,
    "train_samples_per_second": 216.477,
    "train_steps_per_second": 1.696
}