{
    "epoch": 3.0,
    "eval_loss": 0.6463397145271301,
    "eval_matthews_correlation": 0.007208385298578599,
    "eval_runtime": 1.6022,
    "eval_samples": 1000,
    "eval_samples_per_second": 624.137,
    "eval_steps_per_second": 4.993
}