{
    "epoch": 3.0,
    "eval_loss": 0.632400631904602,
    "eval_matthews_correlation": 0.12232767698589606,
    "eval_runtime": 1.6121,
    "eval_samples": 1000,
    "eval_samples_per_second": 620.307,
    "eval_steps_per_second": 4.962,
    "total_flos": 1562090335672320.0,
    "train_loss": 0.6508640576434391,
    "train_runtime": 111.2114,
    "train_samples": 7916,
    "train_samples_per_second": 213.539,
    "train_steps_per_second": 1.672
}