{
    "epoch": 3.0,
    "eval_loss": 0.632400631904602,
    "eval_matthews_correlation": 0.12232767698589606,
    "eval_runtime": 1.6121,
    "eval_samples": 1000,
    "eval_samples_per_second": 620.307,
    "eval_steps_per_second": 4.962
}