{
    "epoch": 3.0,
    "eval_accuracy": 0.551,
    "eval_combined_score": 0.48431971465629053,
    "eval_f1": 0.4176394293125811,
    "eval_loss": 0.6951905488967896,
    "eval_runtime": 1.9404,
    "eval_samples": 1000,
    "eval_samples_per_second": 515.348,
    "eval_steps_per_second": 32.467
}