target_token_coverage,min_k
0.750000,8897
0.800000,14227
0.850000,23780
0.900000,43188
0.910000,49392
0.920000,56850
0.930000,65645
0.940000,77264
0.950000,91996
0.960000,109497
0.970000,129965
0.980000,165311
0.990000,200579
1.000000,235877
