{
    "epoch": 3.0,
    "total_flos": 3.260212047725875e+16,
    "train_loss": 0.5189250115735138,
    "train_runtime": 2152.6257,
    "train_samples": 165212,
    "train_samples_per_second": 230.247,
    "train_steps_per_second": 1.799
}