{
    "epoch": 3.0,
    "eval_combined_score": 0.6743886766823077,
    "eval_loss": 0.6409748196601868,
    "eval_pearson": 0.6733223795890808,
    "eval_runtime": 1.1779,
    "eval_samples": 600,
    "eval_samples_per_second": 509.361,
    "eval_spearmanr": 0.6754549737755347,
    "eval_steps_per_second": 32.26
}