{
    "epoch": 3.0,
    "eval_loss": 0.6540794968605042,
    "eval_matthews_correlation": 0.04097564745861778,
    "eval_runtime": 1.5873,
    "eval_samples": 1000,
    "eval_samples_per_second": 629.992,
    "eval_steps_per_second": 5.04
}