target_token_coverage,min_k
0.750000,5955
0.800000,7546
0.850000,9155
0.900000,10787
0.910000,11103
0.920000,11419
0.930000,11753
0.940000,12086
0.950000,12426
0.960000,12763
0.970000,13105
0.980000,13448
0.990000,13794
1.000000,14142
