target_token_coverage,min_k
0.750000,14142
0.800000,14142
0.850000,14142
0.900000,14142
0.910000,14142
0.920000,14142
0.930000,14142
0.940000,14142
0.950000,14142
0.960000,14142
0.970000,14142
0.980000,14142
0.990000,14142
1.000000,14142
