k_frac,token_coverage,type_coverage
0.003536,0.152437,0.008678
0.007071,0.208501,0.019359
0.014142,0.261879,0.038718
0.035356,0.340051,0.086337
0.070711,0.401246,0.140854
0.141069,0.469769,0.214286
0.141423,0.470258,0.214731
0.281502,0.531819,0.288830
0.353557,0.542445,0.303738
0.561660,0.572127,0.343792
1.000000,0.635031,0.426791
