k,token_coverage,type_coverage
50,0.152437,0.008678
100,0.208501,0.019359
200,0.261879,0.038718
500,0.340051,0.086337
1000,0.401246,0.140854
1995,0.469769,0.214286
2000,0.470258,0.214731
3981,0.531819,0.288830
5000,0.542445,0.303738
7943,0.572127,0.343792
14142,0.635031,0.426791
