{
    "epoch": 3.0,
    "eval_accuracy": 0.602,
    "eval_combined_score": 0.57537641723356,
    "eval_f1": 0.5487528344671202,
    "eval_loss": 0.7173402309417725,
    "eval_runtime": 1.9351,
    "eval_samples": 1000,
    "eval_samples_per_second": 516.773,
    "eval_steps_per_second": 32.557,
    "total_flos": 627914533616640.0,
    "train_loss": 0.6050173122080127,
    "train_runtime": 60.5364,
    "train_samples": 3182,
    "train_samples_per_second": 157.69,
    "train_steps_per_second": 9.862
}