{
    "epoch": 3.0,
    "eval_accuracy": 0.602,
    "eval_combined_score": 0.57537641723356,
    "eval_f1": 0.5487528344671202,
    "eval_loss": 0.7173402309417725,
    "eval_runtime": 1.9351,
    "eval_samples": 1000,
    "eval_samples_per_second": 516.773,
    "eval_steps_per_second": 32.557
}