{
    "epoch": 3.0,
    "eval_combined_score": 0.22436010764614678,
    "eval_loss": 1.1477171182632446,
    "eval_pearson": 0.21361565589904785,
    "eval_runtime": 1.1698,
    "eval_samples": 600,
    "eval_samples_per_second": 512.903,
    "eval_spearmanr": 0.23510455939324568,
    "eval_steps_per_second": 32.484,
    "total_flos": 485040875530752.0,
    "train_loss": 1.1833649342194263,
    "train_runtime": 44.8599,
    "train_samples": 2458,
    "train_samples_per_second": 164.378,
    "train_steps_per_second": 10.299
}