{
    "epoch": 3.0,
    "eval_loss": 0.6420323848724365,
    "eval_matthews_correlation": -0.014138317893511502,
    "eval_runtime": 1.5741,
    "eval_samples": 1000,
    "eval_samples_per_second": 635.275,
    "eval_steps_per_second": 5.082,
    "total_flos": 1562090335672320.0,
    "train_loss": 0.6606722185688634,
    "train_runtime": 108.0836,
    "train_samples": 7916,
    "train_samples_per_second": 219.719,
    "train_steps_per_second": 1.721
}