{
    "epoch": 3.0,
    "eval_loss": 0.6561965346336365,
    "eval_matthews_correlation": 0.0988825363622644,
    "eval_runtime": 1.597,
    "eval_samples": 1000,
    "eval_samples_per_second": 626.17,
    "eval_steps_per_second": 5.009,
    "total_flos": 1562090335672320.0,
    "train_loss": 0.627679927374727,
    "train_runtime": 108.9577,
    "train_samples": 7916,
    "train_samples_per_second": 217.956,
    "train_steps_per_second": 1.707
}