{
    "epoch": 3.0,
    "eval_loss": 0.6561965346336365,
    "eval_matthews_correlation": 0.0988825363622644,
    "eval_runtime": 1.597,
    "eval_samples": 1000,
    "eval_samples_per_second": 626.17,
    "eval_steps_per_second": 5.009
}