{
    "epoch": 3.0,
    "total_flos": 1.192110147401472e+16,
    "train_loss": 0.3479448684864799,
    "train_runtime": 795.2864,
    "train_samples": 60411,
    "train_samples_per_second": 227.884,
    "train_steps_per_second": 1.78
}