{
    "epoch": 3.0,
    "epoch_mm": 3.0,
    "eval_accuracy": 0.8202173913043478,
    "eval_accuracy_mm": 0.8405434782608696,
    "eval_loss": 0.4807336926460266,
    "eval_loss_mm": 0.4413926601409912,
    "eval_runtime": 14.3168,
    "eval_runtime_mm": 14.282,
    "eval_samples": 9200,
    "eval_samples_mm": 9200,
    "eval_samples_per_second": 642.6,
    "eval_samples_per_second_mm": 644.166,
    "eval_steps_per_second": 5.029,
    "eval_steps_per_second_mm": 5.041
}