{
    "epoch": 3.0,
    "total_flos": 3.260212047725875e+16,
    "train_loss": 0.4780726591622894,
    "train_runtime": 2177.8766,
    "train_samples": 165212,
    "train_samples_per_second": 227.578,
    "train_steps_per_second": 1.778
}