{
    "epoch": 3.0,
    "eval_accuracy": 0.8362717574396407,
    "eval_loss": 0.3916143774986267,
    "eval_runtime": 27.2271,
    "eval_samples": 8905,
    "eval_samples_per_second": 327.063,
    "eval_steps_per_second": 2.571
}