{
    "epoch": 3.0,
    "eval_accuracy": 0.8457046603032005,
    "eval_loss": 0.3745121955871582,
    "eval_runtime": 27.382,
    "eval_samples": 8905,
    "eval_samples_per_second": 325.214,
    "eval_steps_per_second": 2.556,
    "total_flos": 1.192110147401472e+16,
    "train_loss": 0.3782378051240565,
    "train_runtime": 1586.9763,
    "train_samples": 60411,
    "train_samples_per_second": 114.2,
    "train_steps_per_second": 0.892
}