{
    "epoch": 3.0,
    "total_flos": 1.192110147401472e+16,
    "train_loss": 0.3782378051240565,
    "train_runtime": 1586.9763,
    "train_samples": 60411,
    "train_samples_per_second": 114.2,
    "train_steps_per_second": 0.892
}