k,token_coverage,type_coverage
50,0.162069,0.005598
100,0.201229,0.011978
200,0.254823,0.024867
500,0.344290,0.061711
1000,0.421038,0.114959
1995,0.504216,0.197240
2000,0.504573,0.197631
3981,0.586251,0.302825
5000,0.612334,0.341232
7943,0.664213,0.421820
15849,0.730742,0.531311
20443,0.750036,0.564119
31623,0.776976,0.608254
48315,0.800057,0.647702
63096,0.822424,0.686760
69875,0.832928,0.704466
