target_token_coverage,min_k
0.750000,20443
0.800000,48315
0.850000,69875
0.900000,69875
0.910000,69875
0.920000,69875
0.930000,69875
0.940000,69875
0.950000,69875
0.960000,69875
0.970000,69875
0.980000,69875
0.990000,69875
1.000000,69875
