target_token_coverage,min_k
0.750000,12334
0.800000,18182
0.850000,26564
0.900000,41008
0.910000,43837
0.920000,46728
0.930000,49682
0.940000,52583
0.950000,55461
0.960000,58380
0.970000,61261
0.980000,64144
0.990000,67010
1.000000,69875
