k_frac,token_coverage,type_coverage
0.000716,0.162069,0.005598
0.001431,0.201229,0.011978
0.002862,0.254823,0.024867
0.007156,0.344290,0.061711
0.014311,0.421038,0.114959
0.028551,0.504216,0.197240
0.028623,0.504573,0.197631
0.056973,0.586251,0.302825
0.071556,0.612334,0.341232
0.113674,0.664213,0.421820
0.226819,0.730742,0.531311
0.292565,0.750036,0.564119
0.452565,0.776976,0.608254
0.691449,0.800057,0.647702
0.902984,0.822424,0.686760
1.000000,0.832928,0.704466
