{
    "epoch": 3.0,
    "eval_loss": 0.6553976535797119,
    "eval_matthews_correlation": 0.06792700320839745,
    "eval_runtime": 1.5949,
    "eval_samples": 1000,
    "eval_samples_per_second": 627.015,
    "eval_steps_per_second": 5.016,
    "total_flos": 1562090335672320.0,
    "train_loss": 0.6318294566164735,
    "train_runtime": 110.9106,
    "train_samples": 7916,
    "train_samples_per_second": 214.118,
    "train_steps_per_second": 1.677
}