{
    "epoch": 3.0,
    "eval_loss": 0.6553976535797119,
    "eval_matthews_correlation": 0.06792700320839745,
    "eval_runtime": 1.5949,
    "eval_samples": 1000,
    "eval_samples_per_second": 627.015,
    "eval_steps_per_second": 5.016
}