{
    "epoch": 3.0,
    "total_flos": 3.260212047725875e+16,
    "train_loss": 0.4774439481995748,
    "train_runtime": 2173.5105,
    "train_samples": 165212,
    "train_samples_per_second": 228.035,
    "train_steps_per_second": 1.782
}