{
    "epoch": 3.0,
    "eval_combined_score": 0.6146865457367676,
    "eval_loss": 0.7286885380744934,
    "eval_pearson": 0.6412410736083984,
    "eval_runtime": 1.174,
    "eval_samples": 600,
    "eval_samples_per_second": 511.09,
    "eval_spearmanr": 0.5881320178651368,
    "eval_steps_per_second": 32.369,
    "total_flos": 485040875530752.0,
    "train_loss": 0.8873030757491207,
    "train_runtime": 54.2061,
    "train_samples": 2458,
    "train_samples_per_second": 136.036,
    "train_steps_per_second": 8.523
}