{
    "epoch": 3.0,
    "eval_combined_score": 0.5831535750888159,
    "eval_loss": 0.7235395312309265,
    "eval_pearson": 0.6142104268074036,
    "eval_runtime": 1.1713,
    "eval_samples": 600,
    "eval_samples_per_second": 512.236,
    "eval_spearmanr": 0.5520967233702282,
    "eval_steps_per_second": 32.442
}