{
    "epoch": 3.0,
    "eval_accuracy": 0.8567097136440203,
    "eval_loss": 0.35955098271369934,
    "eval_runtime": 13.7846,
    "eval_samples": 8905,
    "eval_samples_per_second": 646.011,
    "eval_steps_per_second": 5.078
}