{
    "epoch": 3.0,
    "total_flos": 1.192110147401472e+16,
    "train_loss": 0.33714996488754356,
    "train_runtime": 794.3837,
    "train_samples": 60411,
    "train_samples_per_second": 228.143,
    "train_steps_per_second": 1.783
}