{
    "epoch": 3.0,
    "eval_accuracy": 0.598,
    "eval_combined_score": 0.5352204724409448,
    "eval_f1": 0.47244094488188976,
    "eval_loss": 0.7117612361907959,
    "eval_runtime": 1.9388,
    "eval_samples": 1000,
    "eval_samples_per_second": 515.779,
    "eval_steps_per_second": 32.494,
    "total_flos": 627914533616640.0,
    "train_loss": 0.6340362510489459,
    "train_runtime": 57.6265,
    "train_samples": 3182,
    "train_samples_per_second": 165.653,
    "train_steps_per_second": 10.36
}