{
    "epoch": 3.0,
    "eval_accuracy": 0.61,
    "eval_combined_score": 0.5562755102040816,
    "eval_f1": 0.5025510204081632,
    "eval_loss": 0.7004184722900391,
    "eval_runtime": 1.9645,
    "eval_samples": 1000,
    "eval_samples_per_second": 509.028,
    "eval_steps_per_second": 32.069,
    "total_flos": 627914533616640.0,
    "train_loss": 0.6275797768853217,
    "train_runtime": 57.3097,
    "train_samples": 3182,
    "train_samples_per_second": 166.569,
    "train_steps_per_second": 10.417
}