{
    "epoch": 3.0,
    "eval_accuracy": 0.61,
    "eval_combined_score": 0.5562755102040816,
    "eval_f1": 0.5025510204081632,
    "eval_loss": 0.7004184722900391,
    "eval_runtime": 1.9645,
    "eval_samples": 1000,
    "eval_samples_per_second": 509.028,
    "eval_steps_per_second": 32.069
}