{
    "epoch": 3.0,
    "epoch_mm": 3.0,
    "eval_accuracy": 0.8130434782608695,
    "eval_accuracy_mm": 0.8266304347826087,
    "eval_loss": 0.4908432364463806,
    "eval_loss_mm": 0.45847392082214355,
    "eval_runtime": 14.2971,
    "eval_runtime_mm": 14.2494,
    "eval_samples": 9200,
    "eval_samples_mm": 9200,
    "eval_samples_per_second": 643.487,
    "eval_samples_per_second_mm": 645.643,
    "eval_steps_per_second": 5.036,
    "eval_steps_per_second_mm": 5.053
}