{
    "epoch": 3.0,
    "epoch_mm": 3.0,
    "eval_accuracy": 0.7745652173913044,
    "eval_accuracy_mm": 0.7770652173913043,
    "eval_loss": 0.5630447268486023,
    "eval_loss_mm": 0.5458287596702576,
    "eval_runtime": 14.2811,
    "eval_runtime_mm": 14.2253,
    "eval_samples": 9200,
    "eval_samples_mm": 9200,
    "eval_samples_per_second": 644.206,
    "eval_samples_per_second_mm": 646.737,
    "eval_steps_per_second": 5.042,
    "eval_steps_per_second_mm": 5.061
}