{
    "epoch": 3.0,
    "eval_accuracy": 0.8450308815272319,
    "eval_loss": 0.375323623418808,
    "eval_runtime": 27.1213,
    "eval_samples": 8905,
    "eval_samples_per_second": 328.339,
    "eval_steps_per_second": 2.581,
    "total_flos": 1.192110147401472e+16,
    "train_loss": 0.3891315244685459,
    "train_runtime": 1553.6132,
    "train_samples": 60411,
    "train_samples_per_second": 116.653,
    "train_steps_per_second": 0.911
}