{
    "epoch": 3.0,
    "eval_accuracy": 0.8450308815272319,
    "eval_loss": 0.375323623418808,
    "eval_runtime": 27.1213,
    "eval_samples": 8905,
    "eval_samples_per_second": 328.339,
    "eval_steps_per_second": 2.581
}