{
    "epoch": 3.0,
    "total_flos": 1.192110147401472e+16,
    "train_loss": 0.3891315244685459,
    "train_runtime": 1553.6132,
    "train_samples": 60411,
    "train_samples_per_second": 116.653,
    "train_steps_per_second": 0.911
}