{
    "epoch": 3.0,
    "eval_accuracy": 0.634,
    "eval_combined_score": 0.6061705069124423,
    "eval_f1": 0.5783410138248848,
    "eval_loss": 0.7295676469802856,
    "eval_runtime": 1.9203,
    "eval_samples": 1000,
    "eval_samples_per_second": 520.762,
    "eval_steps_per_second": 32.808
}