target_token_coverage,min_k
0.750000,6480
0.800000,8995
0.850000,12012
0.900000,17218
0.910000,18260
0.920000,19301
0.930000,20333
0.940000,21367
0.950000,22401
0.960000,23437
0.970000,24474
0.980000,25503
0.990000,26536
1.000000,27569
