k,token_coverage,type_coverage
50,0.143253,0.003917
100,0.187471,0.007756
200,0.248805,0.015433
500,0.353656,0.038465
1000,0.444194,0.076616
1995,0.532966,0.144536
2000,0.533240,0.144771
3981,0.619545,0.245437
5000,0.645004,0.282805
7943,0.694521,0.362711
14082,0.750008,0.461105
15849,0.758413,0.477477
24793,0.800012,0.561222
27569,0.813534,0.588092
