k,token_coverage,type_coverage
50,0.144056,0.003986
100,0.188278,0.007892
200,0.250445,0.015703
500,0.347502,0.039059
1000,0.438442,0.077401
1995,0.530350,0.146194
2000,0.530631,0.146513
3981,0.616515,0.245436
5000,0.642761,0.282981
7943,0.693662,0.364129
14873,0.750023,0.467118
15849,0.755485,0.477880
25100,0.800019,0.562774
27569,0.812190,0.586289
