{
    "epoch": 3.0,
    "eval_accuracy": 0.8282987085906794,
    "eval_loss": 0.39908820390701294,
    "eval_runtime": 27.2885,
    "eval_samples": 8905,
    "eval_samples_per_second": 326.328,
    "eval_steps_per_second": 2.565,
    "total_flos": 1.192110147401472e+16,
    "train_loss": 0.4146550065380032,
    "train_runtime": 1560.633,
    "train_samples": 60411,
    "train_samples_per_second": 116.128,
    "train_steps_per_second": 0.907
}