{
    "epoch": 3.0,
    "eval_accuracy": 0.8282987085906794,
    "eval_loss": 0.39908820390701294,
    "eval_runtime": 27.2885,
    "eval_samples": 8905,
    "eval_samples_per_second": 326.328,
    "eval_steps_per_second": 2.565
}