{
    "epoch": 3.0,
    "total_flos": 1.192110147401472e+16,
    "train_loss": 0.4146550065380032,
    "train_runtime": 1560.633,
    "train_samples": 60411,
    "train_samples_per_second": 116.128,
    "train_steps_per_second": 0.907
}