{
    "epoch": 3.0,
    "eval_accuracy": 0.624,
    "eval_combined_score": 0.5954101382488479,
    "eval_f1": 0.5668202764976958,
    "eval_loss": 0.7290397882461548,
    "eval_runtime": 1.947,
    "eval_samples": 1000,
    "eval_samples_per_second": 513.618,
    "eval_steps_per_second": 32.358
}