{
    "epoch": 3.0,
    "eval_accuracy": 0.6,
    "eval_combined_score": 0.49879518072289153,
    "eval_f1": 0.39759036144578314,
    "eval_loss": 0.6721418499946594,
    "eval_runtime": 1.9411,
    "eval_samples": 1000,
    "eval_samples_per_second": 515.165,
    "eval_steps_per_second": 32.455
}