{
    "epoch": 3.0,
    "total_flos": 1.192110147401472e+16,
    "train_loss": 0.34219079098459015,
    "train_runtime": 803.242,
    "train_samples": 60411,
    "train_samples_per_second": 225.627,
    "train_steps_per_second": 1.763
}