{
    "epoch": 3.0,
    "eval_accuracy": 0.581,
    "eval_combined_score": 0.4958445850914205,
    "eval_f1": 0.41068917018284107,
    "eval_loss": 0.6927877068519592,
    "eval_runtime": 1.9286,
    "eval_samples": 1000,
    "eval_samples_per_second": 518.505,
    "eval_steps_per_second": 32.666,
    "total_flos": 627914533616640.0,
    "train_loss": 0.647533090869386,
    "train_runtime": 56.5298,
    "train_samples": 3182,
    "train_samples_per_second": 168.867,
    "train_steps_per_second": 10.561
}