{
    "epoch": 3.0,
    "eval_accuracy": 0.581,
    "eval_combined_score": 0.4958445850914205,
    "eval_f1": 0.41068917018284107,
    "eval_loss": 0.6927877068519592,
    "eval_runtime": 1.9286,
    "eval_samples": 1000,
    "eval_samples_per_second": 518.505,
    "eval_steps_per_second": 32.666
}