{
    "epoch": 3.0,
    "epoch_mm": 3.0,
    "eval_accuracy": 0.8252173913043478,
    "eval_accuracy_mm": 0.8475,
    "eval_loss": 0.46106112003326416,
    "eval_loss_mm": 0.42433711886405945,
    "eval_runtime": 14.2861,
    "eval_runtime_mm": 14.2348,
    "eval_samples": 9200,
    "eval_samples_mm": 9200,
    "eval_samples_per_second": 643.981,
    "eval_samples_per_second_mm": 646.302,
    "eval_steps_per_second": 5.04,
    "eval_steps_per_second_mm": 5.058
}