{
    "epoch": 3.0,
    "total_flos": 3.260212047725875e+16,
    "train_loss": 0.473641251520442,
    "train_runtime": 2153.3946,
    "train_samples": 165212,
    "train_samples_per_second": 230.165,
    "train_steps_per_second": 1.799
}