{
    "epoch": 3.0,
    "eval_combined_score": 0.25323528144393836,
    "eval_loss": 1.0886621475219727,
    "eval_pearson": 0.26777082681655884,
    "eval_runtime": 1.1887,
    "eval_samples": 600,
    "eval_samples_per_second": 504.763,
    "eval_spearmanr": 0.2386997360713179,
    "eval_steps_per_second": 31.968,
    "total_flos": 485040875530752.0,
    "train_loss": 1.1241521133488908,
    "train_runtime": 45.9153,
    "train_samples": 2458,
    "train_samples_per_second": 160.6,
    "train_steps_per_second": 10.062
}