{
    "epoch": 3.0,
    "eval_accuracy": 0.8444693992139247,
    "eval_loss": 0.3733474016189575,
    "eval_runtime": 27.0315,
    "eval_samples": 8905,
    "eval_samples_per_second": 329.431,
    "eval_steps_per_second": 2.59
}