{
    "epoch": 3.0,
    "eval_combined_score": 0.6764650266611781,
    "eval_loss": 0.6171608567237854,
    "eval_pearson": 0.6883491277694702,
    "eval_runtime": 1.1839,
    "eval_samples": 600,
    "eval_samples_per_second": 506.803,
    "eval_spearmanr": 0.6645809255528861,
    "eval_steps_per_second": 32.098,
    "total_flos": 485040875530752.0,
    "train_loss": 0.8500461991215165,
    "train_runtime": 47.1483,
    "train_samples": 2458,
    "train_samples_per_second": 156.4,
    "train_steps_per_second": 9.799
}