{
    "epoch": 3.0,
    "eval_accuracy": 0.629,
    "eval_combined_score": 0.5891051032806804,
    "eval_f1": 0.5492102065613609,
    "eval_loss": 0.7030772566795349,
    "eval_runtime": 1.9336,
    "eval_samples": 1000,
    "eval_samples_per_second": 517.167,
    "eval_steps_per_second": 32.582
}